[{"model": "admin.logentry", "pk": 1, "fields": {"action_time": "2025-12-09T15:42:14.372", "user": 1, "content_type": 3, "object_id": "1", "object_repr": "Administradores", "action_flag": 1, "change_message": "[{\"added\": {}}]"}}, {"model": "admin.logentry", "pk": 2, "fields": {"action_time": "2025-12-09T15:44:02.266", "user": 1, "content_type": 3, "object_id": "2", "object_repr": "Gerente", "action_flag": 1, "change_message": "[{\"added\": {}}]"}}, {"model": "admin.logentry", "pk": 3, "fields": {"action_time": "2025-12-09T16:05:12.664", "user": 1, "content_type": 3, "object_id": "2", "object_repr": "Gerente", "action_flag": 2, "change_message": "[{\"changed\": {\"fields\": [\"Permissions\"]}}]"}}, {"model": "admin.logentry", "pk": 4, "fields": {"action_time": "2025-12-09T16:15:31.302", "user": 1, "content_type": 16, "object_id": "5", "object_repr": "Luis (GERENTE)", "action_flag": 2, "change_message": "[{\"changed\": {\"fields\": [\"Groups\"]}}]"}}, {"model": "admin.logentry", "pk": 5, "fields": {"action_time": "2025-12-09T16:21:29.124", "user": 1, "content_type": 16, "object_id": "3", "object_repr": "Juan (GERENTE)", "action_flag": 3, "change_message": ""}}, {"model": "admin.logentry", "pk": 6, "fields": {"action_time": "2025-12-09T16:21:41.120", "user": 1, "content_type": 16, "object_id": "5", "object_repr": "Luis (GERENTE)", "action_flag": 3, "change_message": ""}}, {"model": "admin.logentry", "pk": 7, "fields": {"action_time": "2025-12-09T16:21:45.196", "user": 1, "content_type": 16, "object_id": "4", "object_repr": "Marta (CLIENTE)", "action_flag": 3, "change_message": ""}}, {"model": "admin.logentry", "pk": 8, "fields": {"action_time": "2025-12-09T16:21:48.443", "user": 1, "content_type": 16, "object_id": "2", "object_repr": "Pedro (EMPLEADO)", "action_flag": 3, "change_message": ""}}, {"model": "admin.logentry", "pk": 9, "fields": {"action_time": "2025-12-09T16:23:21.977", "user": 1, "content_type": 16, "object_id": "6", "object_repr": "Pedro (CLIENTE)", "action_flag": 1, "change_message": "[{\"added\": {}}]"}}, {"model": "admin.logentry", "pk": 10, "fields": {"action_time": "2025-12-09T16:23:35.070", "user": 1, "content_type": 16, "object_id": "7", "object_repr": "Marta (CLIENTE)", "action_flag": 1, "change_message": "[{\"added\": {}}]"}}, {"model": "admin.logentry", "pk": 11, "fields": {"action_time": "2025-12-09T16:23:46.896", "user": 1, "content_type": 16, "object_id": "8", "object_repr": "Luis (CLIENTE)", "action_flag": 1, "change_message": "[{\"added\": {}}]"}}, {"model": "admin.logentry", "pk": 12, "fields": {"action_time": "2025-12-09T16:24:06.347", "user": 1, "content_type": 16, "object_id": "8", "object_repr": "Luis (CLIENTE)", "action_flag": 2, "change_message": "[{\"changed\": {\"fields\": [\"Groups\"]}}]"}}, {"model": "admin.logentry", "pk": 13, "fields": {"action_time": "2025-12-09T16:24:12.607", "user": 1, "content_type": 16, "object_id": "7", "object_repr": "Marta (CLIENTE)", "action_flag": 2, "change_message": "[{\"changed\": {\"fields\": [\"Groups\"]}}]"}}, {"model": "admin.logentry", "pk": 14, "fields": {"action_time": "2025-12-09T16:24:16.677", "user": 1, "content_type": 16, "object_id": "6", "object_repr": "Pedro (CLIENTE)", "action_flag": 2, "change_message": "[{\"changed\": {\"fields\": [\"Groups\"]}}]"}}, {"model": "admin.logentry", "pk": 15, "fields": {"action_time": "2025-12-09T16:32:55.315", "user": 1, "content_type": 16, "object_id": "6", "object_repr": "Pedro (CLIENTE)", "action_flag": 3, "change_message": ""}}, {"model": "admin.logentry", "pk": 16, "fields": {"action_time": "2025-12-09T16:32:59.336", "user": 1, "content_type": 16, "object_id": "7", "object_repr": "Marta (CLIENTE)", "action_flag": 3, "change_message": ""}}, {"model": "admin.logentry", "pk": 17, "fields": {"action_time": "2025-12-09T16:33:03.125", "user": 1, "content_type": 16, "object_id": "8", "object_repr": "Luis (CLIENTE)", "action_flag": 3, "change_message": ""}}, {"model": "admin.logentry", "pk": 18, "fields": {"action_time": "2025-12-09T16:35:36.343", "user": 1, "content_type": 3, "object_id": "2", "object_repr": "Gerente", "action_flag": 3, "change_message": ""}}, {"model": "admin.logentry", "pk": 19, "fields": {"action_time": "2025-12-09T16:36:17.922", "user": 1, "content_type": 3, "object_id": "5", "object_repr": "Gerentes", "action_flag": 2, "change_message": "[{\"changed\": {\"fields\": [\"Permissions\"]}}]"}}, {"model": "auth.permission", "pk": 1, "fields": {"name": "Can add log entry", "content_type": 1, "codename": "add_logentry"}}, {"model": "auth.permission", "pk": 2, "fields": {"name": "Can change log entry", "content_type": 1, "codename": "change_logentry"}}, {"model": "auth.permission", "pk": 3, "fields": {"name": "Can delete log entry", "content_type": 1, "codename": "delete_logentry"}}, {"model": "auth.permission", "pk": 4, "fields": {"name": "Can view log entry", "content_type": 1, "codename": "view_logentry"}}, {"model": "auth.permission", "pk": 5, "fields": {"name": "Can add permission", "content_type": 2, "codename": "add_permission"}}, {"model": "auth.permission", "pk": 6, "fields": {"name": "Can change permission", "content_type": 2, "codename": "change_permission"}}, {"model": "auth.permission", "pk": 7, "fields": {"name": "Can delete permission", "content_type": 2, "codename": "delete_permission"}}, {"model": "auth.permission", "pk": 8, "fields": {"name": "Can view permission", "content_type": 2, "codename": "view_permission"}}, {"model": "auth.permission", "pk": 9, "fields": {"name": "Can add group", "content_type": 3, "codename": "add_group"}}, {"model": "auth.permission", "pk": 10, "fields": {"name": "Can change group", "content_type": 3, "codename": "change_group"}}, {"model": "auth.permission", "pk": 11, "fields": {"name": "Can delete group", "content_type": 3, "codename": "delete_group"}}, {"model": "auth.permission", "pk": 12, "fields": {"name": "Can view group", "content_type": 3, "codename": "view_group"}}, {"model": "auth.permission", "pk": 13, "fields": {"name": "Can add content type", "content_type": 4, "codename": "add_contenttype"}}, {"model": "auth.permission", "pk": 14, "fields": {"name": "Can change content type", "content_type": 4, "codename": "change_contenttype"}}, {"model": "auth.permission", "pk": 15, "fields": {"name": "Can delete content type", "content_type": 4, "codename": "delete_contenttype"}}, {"model": "auth.permission", "pk": 16, "fields": {"name": "Can view content type", "content_type": 4, "codename": "view_contenttype"}}, {"model": "auth.permission", "pk": 17, "fields": {"name": "Can add session", "content_type": 5, "codename": "add_session"}}, {"model": "auth.permission", "pk": 18, "fields": {"name": "Can change session", "content_type": 5, "codename": "change_session"}}, {"model": "auth.permission", "pk": 19, "fields": {"name": "Can delete session", "content_type": 5, "codename": "delete_session"}}, {"model": "auth.permission", "pk": 20, "fields": {"name": "Can view session", "content_type": 5, "codename": "view_session"}}, {"model": "auth.permission", "pk": 21, "fields": {"name": "Can add cliente", "content_type": 6, "codename": "add_cliente"}}, {"model": "auth.permission", "pk": 22, "fields": {"name": "Can change cliente", "content_type": 6, "codename": "change_cliente"}}, {"model": "auth.permission", "pk": 23, "fields": {"name": "Can delete cliente", "content_type": 6, "codename": "delete_cliente"}}, {"model": "auth.permission", "pk": 24, "fields": {"name": "Can view cliente", "content_type": 6, "codename": "view_cliente"}}, {"model": "auth.permission", "pk": 25, "fields": {"name": "Can add direccion", "content_type": 7, "codename": "add_direccion"}}, {"model": "auth.permission", "pk": 26, "fields": {"name": "Can change direccion", "content_type": 7, "codename": "change_direccion"}}, {"model": "auth.permission", "pk": 27, "fields": {"name": "Can delete direccion", "content_type": 7, "codename": "delete_direccion"}}, {"model": "auth.permission", "pk": 28, "fields": {"name": "Can view direccion", "content_type": 7, "codename": "view_direccion"}}, {"model": "auth.permission", "pk": 29, "fields": {"name": "Can add etiqueta", "content_type": 8, "codename": "add_etiqueta"}}, {"model": "auth.permission", "pk": 30, "fields": {"name": "Can change etiqueta", "content_type": 8, "codename": "change_etiqueta"}}, {"model": "auth.permission", "pk": 31, "fields": {"name": "Can delete etiqueta", "content_type": 8, "codename": "delete_etiqueta"}}, {"model": "auth.permission", "pk": 32, "fields": {"name": "Can view etiqueta", "content_type": 8, "codename": "view_etiqueta"}}, {"model": "auth.permission", "pk": 33, "fields": {"name": "Can add mesa", "content_type": 9, "codename": "add_mesa"}}, {"model": "auth.permission", "pk": 34, "fields": {"name": "Can change mesa", "content_type": 9, "codename": "change_mesa"}}, {"model": "auth.permission", "pk": 35, "fields": {"name": "Can delete mesa", "content_type": 9, "codename": "delete_mesa"}}, {"model": "auth.permission", "pk": 36, "fields": {"name": "Can view mesa", "content_type": 9, "codename": "view_mesa"}}, {"model": "auth.permission", "pk": 37, "fields": {"name": "Can add pedido", "content_type": 10, "codename": "add_pedido"}}, {"model": "auth.permission", "pk": 38, "fields": {"name": "Can change pedido", "content_type": 10, "codename": "change_pedido"}}, {"model": "auth.permission", "pk": 39, "fields": {"name": "Can delete pedido", "content_type": 10, "codename": "delete_pedido"}}, {"model": "auth.permission", "pk": 40, "fields": {"name": "Can view pedido", "content_type": 10, "codename": "view_pedido"}}, {"model": "auth.permission", "pk": 41, "fields": {"name": "Can add linea pedido", "content_type": 11, "codename": "add_lineapedido"}}, {"model": "auth.permission", "pk": 42, "fields": {"name": "Can change linea pedido", "content_type": 11, "codename": "change_lineapedido"}}, {"model": "auth.permission", "pk": 43, "fields": {"name": "Can delete linea pedido", "content_type": 11, "codename": "delete_lineapedido"}}, {"model": "auth.permission", "pk": 44, "fields": {"name": "Can view linea pedido", "content_type": 11, "codename": "view_lineapedido"}}, {"model": "auth.permission", "pk": 45, "fields": {"name": "Can add perfil cliente", "content_type": 12, "codename": "add_perfilcliente"}}, {"model": "auth.permission", "pk": 46, "fields": {"name": "Can change perfil cliente", "content_type": 12, "codename": "change_perfilcliente"}}, {"model": "auth.permission", "pk": 47, "fields": {"name": "Can delete perfil cliente", "content_type": 12, "codename": "delete_perfilcliente"}}, {"model": "auth.permission", "pk": 48, "fields": {"name": "Can view perfil cliente", "content_type": 12, "codename": "view_perfilcliente"}}, {"model": "auth.permission", "pk": 49, "fields": {"name": "Can add plato", "content_type": 13, "codename": "add_plato"}}, {"model": "auth.permission", "pk": 50, "fields": {"name": "Can change plato", "content_type": 13, "codename": "change_plato"}}, {"model": "auth.permission", "pk": 51, "fields": {"name": "Can delete plato", "content_type": 13, "codename": "delete_plato"}}, {"model": "auth.permission", "pk": 52, "fields": {"name": "Can view plato", "content_type": 13, "codename": "view_plato"}}, {"model": "auth.permission", "pk": 53, "fields": {"name": "Can add reserva", "content_type": 14, "codename": "add_reserva"}}, {"model": "auth.permission", "pk": 54, "fields": {"name": "Can change reserva", "content_type": 14, "codename": "change_reserva"}}, {"model": "auth.permission", "pk": 55, "fields": {"name": "Can delete reserva", "content_type": 14, "codename": "delete_reserva"}}, {"model": "auth.permission", "pk": 56, "fields": {"name": "Can view reserva", "content_type": 14, "codename": "view_reserva"}}, {"model": "auth.permission", "pk": 57, "fields": {"name": "Can add restaurante", "content_type": 15, "codename": "add_restaurante"}}, {"model": "auth.permission", "pk": 58, "fields": {"name": "Can change restaurante", "content_type": 15, "codename": "change_restaurante"}}, {"model": "auth.permission", "pk": 59, "fields": {"name": "Can delete restaurante", "content_type": 15, "codename": "delete_restaurante"}}, {"model": "auth.permission", "pk": 60, "fields": {"name": "Can view restaurante", "content_type": 15, "codename": "view_restaurante"}}, {"model": "auth.permission", "pk": 61, "fields": {"name": "Can add user", "content_type": 16, "codename": "add_usuario"}}, {"model": "auth.permission", "pk": 62, "fields": {"name": "Can change user", "content_type": 16, "codename": "change_usuario"}}, {"model": "auth.permission", "pk": 63, "fields": {"name": "Can delete user", "content_type": 16, "codename": "delete_usuario"}}, {"model": "auth.permission", "pk": 64, "fields": {"name": "Can view user", "content_type": 16, "codename": "view_usuario"}}, {"model": "auth.group", "pk": 1, "fields": {"name": "Administradores", "permissions": [1, 2, 3, 4, 9, 10, 11, 12, 5, 6, 7, 8, 13, 14, 15, 16, 21, 22, 23, 24, 25, 26, 27, 28, 29, 30, 31, 32, 41, 42, 43, 44, 33, 34, 35, 36, 37, 38, 39, 40, 45, 46, 47, 48, 49, 50, 51, 52, 53, 54, 55, 56, 57, 58, 59, 60, 61, 62, 63, 64, 17, 18, 19, 20]}}, {"model": "auth.group", "pk": 3, "fields": {"name": "Clientes", "permissions": []}}, {"model": "auth.group", "pk": 4, "fields": {"name": "Empleados", "permissions": [44, 40, 48, 52, 56]}}, {"model": "auth.group", "pk": 5, "fields": {"name": "Gerentes", "permissions": [28, 41, 42, 33, 34, 37, 38, 45, 46, 49, 50, 53, 54, 57, 58, 60, 61, 62]}}, {"model": "contenttypes.contenttype", "pk": 1, "fields": {"app_label": "admin", "model": "logentry"}}, {"model": "contenttypes.contenttype", "pk": 2, "fields": {"app_label": "auth", "model": "permission"}}, {"model": "contenttypes.contenttype", "pk": 3, "fields": {"app_label": "auth", "model": "group"}}, {"model": "contenttypes.contenttype", "pk": 4, "fields": {"app_label": "contenttypes", "model": "contenttype"}}, {"model": "contenttypes.contenttype", "pk": 5, "fields": {"app_label": "sessions", "model": "session"}}, {"model": "contenttypes.contenttype", "pk": 6, "fields": {"app_label": "restaurante", "model": "cliente"}}, {"model": "contenttypes.contenttype", "pk": 7, "fields": {"app_label": "restaurante", "model": "direccion"}}, {"model": "contenttypes.contenttype", "pk": 8, "fields": {"app_label": "restaurante", "model": "etiqueta"}}, {"model": "contenttypes.contenttype", "pk": 9, "fields": {"app_label": "restaurante", "model": "mesa"}}, {"model": "contenttypes.contenttype", "pk": 10, "fields": {"app_label": "restaurante", "model": "pedido"}}, {"model": "contenttypes.contenttype", "pk": 11, "fields": {"app_label": "restaurante", "model": "lineapedido"}}, {"model": "contenttypes.contenttype", "pk": 12, "fields": {"app_label": "restaurante", "model": "perfilcliente"}}, {"model": "contenttypes.contenttype", "pk": 13, "fields": {"app_label": "restaurante", "model": "plato"}}, {"model": "contenttypes.contenttype", "pk": 14, "fields": {"app_label": "restaurante", "model": "reserva"}}, {"model": "contenttypes.contenttype", "pk": 15, "fields": {"app_label": "restaurante", "model": "restaurante"}}, {"model": "contenttypes.contenttype", "pk": 16, "fields": {"app_label": "restaurante", "model": "usuario"}}, {"model": "sessions.session", "pk": "ccainuk31xdu5hl6uo29wfwr3u9a28ms", "fields": {"session_data": ".eJxVkLtuxCAQAH8loj75DMZwuEv65BfQAktMYoPEI02Uf8-edM1VK-3MTrG_LKLfwaacfCq2YUsls43N5srFVcxifeFqk5pd2Dh6OosF77EVe2Ie5H2M7IFgLx0OW7Fh_YFGUk802cbFhVkYfbeDkE2Bbjh72jnw35jvIHxB_iyTL7nX5Ka7Mj1om95LwOPt4T4Fdmg7Xcd5vWknnVpNjByNUMYg14sKXt6WVUilhPRK8qgXaUDD4lAKz8MM0etVULSWg5IDaioUfA0nvaX1CqFU9vcPjMViiQ:1vSzw8:dEUF_UGdcMK4XiPuw7G4OBPnudkVEkW7tOJzJOsfqf4", "expire_date": "2025-12-23T16:47:36.855"}}, {"model": "sessions.session", "pk": "vhchupxof8kxbsrfwzw1dpn3n1qw9yc8", "fields": {"session_data": ".eJxVkLtuwzAMAH-l0Bw4lixLsbd2b39BoCmqVmuLgB5div57FSBLJgK84w38FYFwBxdTxMiuUImcxCrkdJXqqkY1v0i76lFcRDtqPNkBIhV2J6XWvY-WEDqsXOFwmQrlHyhdqrFPsdqLcNDq7lonLvp7WjztNsBvSnfgvyB98oCcao7bcFeGBy3DO3s63h7uU2CHsvfrMM43u-nNzEsIkhZlloWknYxHfZtmpY1RGo2WwU56AQvTRlqh9CMEtLPq0cxHTzbIkXvw1Z_9K6Vm8JzF3z8-G2JS:1vUSfU:OAjE-qvQNY8sD0sixiW0JKcqGwcSVy6MFQT-Kc2g7vc", "expire_date": "2025-12-27T17:40:28.166"}}, {"model": "restaurante.usuario", "pk": 1, "fields": {"password": "pbkdf2_sha256$870000$YBmysqQhHiopyYJqPqIQ7f$4DyfAXlbL4SVFkhKhMAlh9675L+p01zR5thPg1VZ8Z8=", "last_login": "2025-12-13T17:40:27.765", "is_superuser": true, "username": "BoRLo", "first_name": "", "last_name": "", "email": "borlo@example.com", "is_staff": true, "is_active": true, "date_joined": "2025-12-09T15:32:36.253", "rol": "ADMINISTRADOR", "groups": [], "user_permissions": []}}, {"model": "restaurante.usuario", "pk": 9, "fields": {"password": "pbkdf2_sha256$870000$XEY1ggpCl5tXI57LoXmKjR$vXyFmQkx2BoTV0Yy56/ojxMTihG87jljLHPl6nWKfpI=", "last_login": "2025-12-09T16:47:18.512", "is_superuser": false, "username": "Luis", "first_name": "", "last_name": "", "email": "", "is_staff": false, "is_active": true, "date_joined": "2025-12-09T16:33:20.805", "rol": "CLIENTE", "groups": [3], "user_permissions": []}}, {"model": "restaurante.usuario", "pk": 10, "fields": {"password": "pbkdf2_sha256$870000$NqGqz3ZbFIiVq7qioHNzwo$WUfdlgJTP3KlgN0p0EZuhIdLvHPelnM/YjS5E+4Ia2I=", "last_login": "2025-12-09T16:43:58.622", "is_superuser": false, "username": "Pedro", "first_name": "", "last_name": "", "email": "", "is_staff": false, "is_active": true, "date_joined": "2025-12-09T16:33:52.888", "rol": "EMPLEADO", "groups": [4], "user_permissions": []}}, {"model": "restaurante.usuario", "pk": 11, "fields": {"password": "pbkdf2_sha256$870000$6ctnNisQbOJZ75C98qsUaO$MO5fVGx3P+PEPsHACBAOiA5DSQvnjwFT37bRYMFXq1k=", "last_login": "2025-12-09T16:46:02.502", "is_superuser": false, "username": "Marta", "first_name": "", "last_name": "", "email": "", "is_staff": false, "is_active": true, "date_joined": "2025-12-09T16:35:02.933", "rol": "GERENTE", "groups": [5], "user_permissions": []}}, {"model": "restaurante.direccion", "pk": 1, "fields": {"calle": "Avenida Principal", "numero": 1, "ciudad": "Sevilla", "codigo_postal": "41001", "provincia": "Sevilla"}}, {"model": "restaurante.direccion", "pk": 2, "fields": {"calle": "Calle Secundaria", "numero": 12, "ciudad": "C¾rdoba", "codigo_postal": "14001", "provincia": "C¾rdoba"}}, {"model": "restaurante.direccion", "pk": 3, "fields": {"calle": "Calle Demo 1", "numero": 1, "ciudad": "Sevilla", "codigo_postal": "41001", "provincia": "Sevilla"}}, {"model": "restaurante.direccion", "pk": 4, "fields": {"calle": "Calle Demo 2", "numero": 2, "ciudad": "Sevilla", "codigo_postal": "41002", "provincia": "Sevilla"}}, {"model": "restaurante.direccion", "pk": 5, "fields": {"calle": "Calle Demo 3", "numero": 3, "ciudad": "Sevilla", "codigo_postal": "41003", "provincia": "Sevilla"}}, {"model": "restaurante.direccion", "pk": 6, "fields": {"calle": "Calle Demo 4", "numero": 4, "ciudad": "Sevilla", "codigo_postal": "41004", "provincia": "Sevilla"}}, {"model": "restaurante.direccion", "pk": 7, "fields": {"calle": "Calle Demo 5", "numero": 5, "ciudad": "Sevilla", "codigo_postal": "41005", "provincia": "Sevilla"}}, {"model": "restaurante.direccion", "pk": 8, "fields": {"calle": "Calle Demo 6", "numero": 6, "ciudad": "Sevilla", "codigo_postal": "41006", "provincia": "Sevilla"}}, {"model": "restaurante.direccion", "pk": 9, "fields": {"calle": "Calle Demo 7", "numero": 7, "ciudad": "Sevilla", "codigo_postal": "41007", "provincia": "Sevilla"}}, {"model": "restaurante.direccion", "pk": 10, "fields": {"calle": "Calle Demo 8", "numero": 8, "ciudad": "Sevilla", "codigo_postal": "41008", "provincia": "Sevilla"}}, {"model": "restaurante.direccion", "pk": 11, "fields": {"calle": "Calle Demo 9", "numero": 9, "ciudad": "Sevilla", "codigo_postal": "41009", "provincia": "Sevilla"}}, {"model": "restaurante.direccion", "pk": 12, "fields": {"calle": "Calle Demo 10", "numero": 10, "ciudad": "Sevilla", "codigo_postal": "41010", "provincia": "Sevilla"}}, {"model": "restaurante.cliente", "pk": 1, "fields": {"nombre": "Ana Demo", "email": "ana.demo@example.com", "telefono": "600555666", "fecha_registro": "2025-12-09T16:38:36.737", "creado_por": null}}, {"model": "restaurante.cliente", "pk": 2, "fields": {"nombre": "Luis Demo", "email": "luis.demo@example.com", "telefono": "600777888", "fecha_registro": "2025-12-09T16:38:36.742", "creado_por": null}}, {"model": "restaurante.cliente", "pk": 3, "fields": {"nombre": "Cliente Demo 1", "email": "cliente1@demo.local", "telefono": "610000001", "fecha_registro": "2025-12-09T16:43:24.873", "creado_por": null}}, {"model": "restaurante.cliente", "pk": 4, "fields": {"nombre": "Cliente Demo 2", "email": "cliente2@demo.local", "telefono": "610000002", "fecha_registro": "2025-12-09T16:43:24.878", "creado_por": null}}, {"model": "restaurante.cliente", "pk": 5, "fields": {"nombre": "Cliente Demo 3", "email": "cliente3@demo.local", "telefono": "610000003", "fecha_registro": "2025-12-09T16:43:24.883", "creado_por": null}}, {"model": "restaurante.cliente", "pk": 6, "fields": {"nombre": "Cliente Demo 4", "email": "cliente4@demo.local", "telefono": "610000004", "fecha_registro": "2025-12-09T16:43:24.888", "creado_por": null}}, {"model": "restaurante.cliente", "pk": 7, "fields": {"nombre": "Cliente Demo 5", "email": "cliente5@demo.local", "telefono": "610000005", "fecha_registro": "2025-12-09T16:43:24.893", "creado_por": null}}, {"model": "restaurante.cliente", "pk": 8, "fields": {"nombre": "Cliente Demo 6", "email": "cliente6@demo.local", "telefono": "610000006", "fecha_registro": "2025-12-09T16:43:24.897", "creado_por": null}}, {"model": "restaurante.cliente", "pk": 9, "fields": {"nombre": "Cliente Demo 7", "email": "cliente7@demo.local", "telefono": "610000007", "fecha_registro": "2025-12-09T16:43:24.901", "creado_por": null}}, {"model": "restaurante.cliente", "pk": 10, "fields": {"nombre": "Cliente Demo 8", "email": "cliente8@demo.local", "telefono": "610000008", "fecha_registro": "2025-12-09T16:43:24.905", "creado_por": null}}, {"model": "restaurante.cliente", "pk": 11, "fields": {"nombre": "Cliente Demo 9", "email": "cliente9@demo.local", "telefono": "610000009", "fecha_registro": "2025-12-09T16:43:24.910", "creado_por": null}}, {"model": "restaurante.cliente", "pk": 12, "fields": {"nombre": "Cliente Demo 10", "email": "cliente10@demo.local", "telefono": "610000010", "fecha_registro": "2025-12-09T16:43:24.914", "creado_por": null}}, {"model": "restaurante.perfilcliente", "pk": 1, "fields": {"cliente": 1, "alergias": "Frutos secos", "preferencias": "Platos vegetarianos", "recibe_noticias": true}}, {"model": "restaurante.perfilcliente", "pk": 2, "fields": {"cliente": 2, "alergias": "Gluten", "preferencias": "Carnes a la brasa", "recibe_noticias": false}}, {"model": "restaurante.perfilcliente", "pk": 3, "fields": {"cliente": 3, "alergias": "Alergia demo 1", "preferencias": "Preferencias demo 1", "recibe_noticias": true}}, {"model": "restaurante.perfilcliente", "pk": 4, "fields": {"cliente": 4, "alergias": "Alergia demo 2", "preferencias": "Preferencias demo 2", "recibe_noticias": false}}, {"model": "restaurante.perfilcliente", "pk": 5, "fields": {"cliente": 5, "alergias": "Alergia demo 3", "preferencias": "Preferencias demo 3", "recibe_noticias": true}}, {"model": "restaurante.perfilcliente", "pk": 6, "fields": {"cliente": 6, "alergias": "Alergia demo 4", "preferencias": "Preferencias demo 4", "recibe_noticias": false}}, {"model": "restaurante.perfilcliente", "pk": 7, "fields": {"cliente": 7, "alergias": "Alergia demo 5", "preferencias": "Preferencias demo 5", "recibe_noticias": true}}, {"model": "restaurante.perfilcliente", "pk": 8, "fields": {"cliente": 8, "alergias": "Alergia demo 6", "preferencias": "Preferencias demo 6", "recibe_noticias": false}}, {"model": "restaurante.perfilcliente", "pk": 9, "fields": {"cliente": 9, "alergias": "Alergia demo 7", "preferencias": "Preferencias demo 7", "recibe_noticias": true}}, {"model": "restaurante.perfilcliente", "pk": 10, "fields": {"cliente": 10, "alergias": "Alergia demo 8", "preferencias": "Preferencias demo 8", "recibe_noticias": false}}, {"model": "restaurante.perfilcliente", "pk": 11, "fields": {"cliente": 11, "alergias": "Alergia demo 9", "preferencias": "Preferencias demo 9", "recibe_noticias": true}}, {"model": "restaurante.perfilcliente", "pk": 12, "fields": {"cliente": 12, "alergias": "Alergia demo 10", "preferencias": "Preferencias demo 10", "recibe_noticias": false}}, {"model": "restaurante.restaurante", "pk": 1, "fields": {"nombre": "Sabor Andaluz Demo", "telefono": "600111222", "direccion": 1, "clientes_frecuentes": []}}, {"model": "restaurante.restaurante", "pk": 2, "fields": {"nombre": "Tapas Center Demo", "telefono": "600333444", "direccion": 2, "clientes_frecuentes": []}}, {"model": "restaurante.restaurante", "pk": 3, "fields": {"nombre": "Restaurante Demo 1", "telefono": "600000001", "direccion": 3, "clientes_frecuentes": []}}, {"model": "restaurante.restaurante", "pk": 4, "fields": {"nombre": "Restaurante Demo 2", "telefono": "600000002", "direccion": 4, "clientes_frecuentes": []}}, {"model": "restaurante.restaurante", "pk": 5, "fields": {"nombre": "Restaurante Demo 3", "telefono": "600000003", "direccion": 5, "clientes_frecuentes": []}}, {"model": "restaurante.restaurante", "pk": 6, "fields": {"nombre": "Restaurante Demo 4", "telefono": "600000004", "direccion": 6, "clientes_frecuentes": []}}, {"model": "restaurante.restaurante", "pk": 7, "fields": {"nombre": "Restaurante Demo 5", "telefono": "600000005", "direccion": 7, "clientes_frecuentes": []}}, {"model": "restaurante.restaurante", "pk": 8, "fields": {"nombre": "Restaurante Demo 6", "telefono": "600000006", "direccion": 8, "clientes_frecuentes": []}}, {"model": "restaurante.restaurante", "pk": 9, "fields": {"nombre": "Restaurante Demo 7", "telefono": "600000007", "direccion": 9, "clientes_frecuentes": []}}, {"model": "restaurante.restaurante", "pk": 10, "fields": {"nombre": "Restaurante Demo 8", "telefono": "600000008", "direccion": 10, "clientes_frecuentes": []}}, {"model": "restaurante.restaurante", "pk": 11, "fields": {"nombre": "Restaurante Demo 9", "telefono": "600000009", "direccion": 11, "clientes_frecuentes": []}}, {"model": "restaurante.restaurante", "pk": 12, "fields": {"nombre": "Restaurante Demo 10", "telefono": "600000010", "direccion": 12, "clientes_frecuentes": []}}, {"model": "restaurante.etiqueta", "pk": 1, "fields": {"nombre": "Vegano", "descripcion": "Sin productos animales", "color": "verde", "slug": "vegano"}}, {"model": "restaurante.etiqueta", "pk": 2, "fields": {"nombre": "Picante", "descripcion": "Con toque picante", "color": "rojo", "slug": "picante"}}, {"model": "restaurante.etiqueta", "pk": 3, "fields": {"nombre": "Etiqueta Demo 1", "descripcion": "Etiqueta de prueba 1", "color": "verde", "slug": "etiqueta-demo-1"}}, {"model": "restaurante.etiqueta", "pk": 4, "fields": {"nombre": "Etiqueta Demo 2", "descripcion": "Etiqueta de prueba 2", "color": "rojo", "slug": "etiqueta-demo-2"}}, {"model": "restaurante.etiqueta", "pk": 5, "fields": {"nombre": "Etiqueta Demo 3", "descripcion": "Etiqueta de prueba 3", "color": "verde", "slug": "etiqueta-demo-3"}}, {"model": "restaurante.etiqueta", "pk": 6, "fields": {"nombre": "Etiqueta Demo 4", "descripcion": "Etiqueta de prueba 4", "color": "rojo", "slug": "etiqueta-demo-4"}}, {"model": "restaurante.etiqueta", "pk": 7, "fields": {"nombre": "Etiqueta Demo 5", "descripcion": "Etiqueta de prueba 5", "color": "verde", "slug": "etiqueta-demo-5"}}, {"model": "restaurante.etiqueta", "pk": 8, "fields": {"nombre": "Etiqueta Demo 6", "descripcion": "Etiqueta de prueba 6", "color": "rojo", "slug": "etiqueta-demo-6"}}, {"model": "restaurante.etiqueta", "pk": 9, "fields": {"nombre": "Etiqueta Demo 7", "descripcion": "Etiqueta de prueba 7", "color": "verde", "slug": "etiqueta-demo-7"}}, {"model": "restaurante.etiqueta", "pk": 10, "fields": {"nombre": "Etiqueta Demo 8", "descripcion": "Etiqueta de prueba 8", "color": "rojo", "slug": "etiqueta-demo-8"}}, {"model": "restaurante.etiqueta", "pk": 11, "fields": {"nombre": "Etiqueta Demo 9", "descripcion": "Etiqueta de prueba 9", "color": "verde", "slug": "etiqueta-demo-9"}}, {"model": "restaurante.etiqueta", "pk": 12, "fields": {"nombre": "Etiqueta Demo 10", "descripcion": "Etiqueta de prueba 10", "color": "rojo", "slug": "etiqueta-demo-10"}}, {"model": "restaurante.plato", "pk": 1, "fields": {"restaurante": 1, "nombre": "Salmorejo cordobÚs", "precio": "7.50", "categoria": "entrante", "etiquetas": [1]}}, {"model": "restaurante.plato", "pk": 2, "fields": {"restaurante": 1, "nombre": "FlamenquÝn", "precio": "9.90", "categoria": "principal", "etiquetas": [2]}}, {"model": "restaurante.plato", "pk": 3, "fields": {"restaurante": 2, "nombre": "Tortilla de patatas", "precio": "6.00", "categoria": "principal", "etiquetas": []}}, {"model": "restaurante.plato", "pk": 4, "fields": {"restaurante": 3, "nombre": "Plato Demo 1", "precio": "6.00", "categoria": "principal", "etiquetas": [3]}}, {"model": "restaurante.plato", "pk": 5, "fields": {"restaurante": 4, "nombre": "Plato Demo 2", "precio": "7.00", "categoria": "entrante", "etiquetas": [4]}}, {"model": "restaurante.plato", "pk": 6, "fields": {"restaurante": 5, "nombre": "Plato Demo 3", "precio": "8.00", "categoria": "principal", "etiquetas": [5]}}, {"model": "restaurante.plato", "pk": 7, "fields": {"restaurante": 6, "nombre": "Plato Demo 4", "precio": "9.00", "categoria": "entrante", "etiquetas": [6]}}, {"model": "restaurante.plato", "pk": 8, "fields": {"restaurante": 7, "nombre": "Plato Demo 5", "precio": "10.00", "categoria": "principal", "etiquetas": [7]}}, {"model": "restaurante.plato", "pk": 9, "fields": {"restaurante": 8, "nombre": "Plato Demo 6", "precio": "11.00", "categoria": "entrante", "etiquetas": [8]}}, {"model": "restaurante.plato", "pk": 10, "fields": {"restaurante": 9, "nombre": "Plato Demo 7", "precio": "12.00", "categoria": "principal", "etiquetas": [9]}}, {"model": "restaurante.plato", "pk": 11, "fields": {"restaurante": 10, "nombre": "Plato Demo 8", "precio": "13.00", "categoria": "entrante", "etiquetas": [10]}}, {"model": "restaurante.plato", "pk": 12, "fields": {"restaurante": 11, "nombre": "Plato Demo 9", "precio": "14.00", "categoria": "principal", "etiquetas": [11]}}, {"model": "restaurante.plato", "pk": 13, "fields": {"restaurante": 12, "nombre": "Plato Demo 10", "precio": "15.00", "categoria": "entrante", "etiquetas": [12]}}, {"model": "restaurante.mesa", "pk": 1, "fields": {"restaurante": 1, "numero": 1, "activa": true}}, {"model": "restaurante.mesa", "pk": 2, "fields": {"restaurante": 1, "numero": 2, "activa": true}}, {"model": "restaurante.mesa", "pk": 3, "fields": {"restaurante": 3, "numero": 1, "activa": true}}, {"model": "restaurante.mesa", "pk": 4, "fields": {"restaurante": 4, "numero": 2, "activa": true}}, {"model": "restaurante.mesa", "pk": 5, "fields": {"restaurante": 5, "numero": 3, "activa": true}}, {"model": "restaurante.mesa", "pk": 6, "fields": {"restaurante": 6, "numero": 4, "activa": true}}, {"model": "restaurante.mesa", "pk": 7, "fields": {"restaurante": 7, "numero": 5, "activa": true}}, {"model": "restaurante.mesa", "pk": 8, "fields": {"restaurante": 8, "numero": 6, "activa": true}}, {"model": "restaurante.mesa", "pk": 9, "fields": {"restaurante": 9, "numero": 7, "activa": true}}, {"model": "restaurante.mesa", "pk": 10, "fields": {"restaurante": 10, "numero": 8, "activa": true}}, {"model": "restaurante.mesa", "pk": 11, "fields": {"restaurante": 11, "numero": 9, "activa": true}}, {"model": "restaurante.mesa", "pk": 12, "fields": {"restaurante": 12, "numero": 10, "activa": true}}, {"model": "restaurante.reserva", "pk": 1, "fields": {"cliente": 1, "mesa": 1, "fecha": "2025-12-09", "hora": "14:00:00", "estado": "confirmada", "notas": "Mesa junto a la ventana", "creado_por": null}}, {"model": "restaurante.reserva", "pk": 2, "fields": {"cliente": 2, "mesa": 2, "fecha": "2025-12-10", "hora": "21:00:00", "estado": "pendiente", "notas": "Celebraci¾n de cumplea±os", "creado_por": null}}, {"model": "restaurante.reserva", "pk": 3, "fields": {"cliente": 3, "mesa": 3, "fecha": "2025-12-10", "hora": "13:00:00", "estado": "pendiente", "notas": "Reserva demo 1", "creado_por": null}}, {"model": "restaurante.reserva", "pk": 4, "fields": {"cliente": 4, "mesa": 4, "fecha": "2025-12-11", "hora": "12:00:00", "estado": "confirmada", "notas": "Reserva demo 2", "creado_por": null}}, {"model": "restaurante.reserva", "pk": 5, "fields": {"cliente": 5, "mesa": 5, "fecha": "2025-12-12", "hora": "13:00:00", "estado": "pendiente", "notas": "Reserva demo 3", "creado_por": null}}, {"model": "restaurante.reserva", "pk": 6, "fields": {"cliente": 6, "mesa": 6, "fecha": "2025-12-13", "hora": "12:00:00", "estado": "confirmada", "notas": "Reserva demo 4", "creado_por": null}}, {"model": "restaurante.reserva", "pk": 7, "fields": {"cliente": 7, "mesa": 7, "fecha": "2025-12-14", "hora": "13:00:00", "estado": "pendiente", "notas": "Reserva demo 5", "creado_por": null}}, {"model": "restaurante.reserva", "pk": 8, "fields": {"cliente": 8, "mesa": 8, "fecha": "2025-12-15", "hora": "12:00:00", "estado": "confirmada", "notas": "Reserva demo 6", "creado_por": null}}, {"model": "restaurante.reserva", "pk": 9, "fields": {"cliente": 9, "mesa": 9, "fecha": "2025-12-16", "hora": "13:00:00", "estado": "pendiente", "notas": "Reserva demo 7", "creado_por": null}}, {"model": "restaurante.reserva", "pk": 10, "fields": {"cliente": 10, "mesa": 10, "fecha": "2025-12-17", "hora": "12:00:00", "estado": "confirmada", "notas": "Reserva demo 8", "creado_por": null}}, {"model": "restaurante.reserva", "pk": 11, "fields": {"cliente": 11, "mesa": 11, "fecha": "2025-12-18", "hora": "13:00:00", "estado": "pendiente", "notas": "Reserva demo 9", "creado_por": null}}, {"model": "restaurante.reserva", "pk": 12, "fields": {"cliente": 12, "mesa": 12, "fecha": "2025-12-19", "hora": "12:00:00", "estado": "confirmada", "notas": "Reserva demo 10", "creado_por": null}}, {"model": "restaurante.pedido", "pk": 1, "fields": {"cliente": 1, "restaurante": 1, "reserva": null, "total": "15.00", "creado_por": null}}, {"model": "restaurante.pedido", "pk": 2, "fields": {"cliente": 3, "restaurante": 3, "reserva": null, "total": "12.00", "creado_por": null}}, {"model": "restaurante.pedido", "pk": 3, "fields": {"cliente": 4, "restaurante": 4, "reserva": null, "total": "21.00", "creado_por": null}}, {"model": "restaurante.pedido", "pk": 4, "fields": {"cliente": 5, "restaurante": 5, "reserva": null, "total": "8.00", "creado_por": null}}, {"model": "restaurante.pedido", "pk": 5, "fields": {"cliente": 6, "restaurante": 6, "reserva": null, "total": "18.00", "creado_por": null}}, {"model": "restaurante.pedido", "pk": 6, "fields": {"cliente": 7, "restaurante": 7, "reserva": null, "total": "30.00", "creado_por": null}}, {"model": "restaurante.pedido", "pk": 7, "fields": {"cliente": 8, "restaurante": 8, "reserva": null, "total": "11.00", "creado_por": null}}, {"model": "restaurante.pedido", "pk": 8, "fields": {"cliente": 9, "restaurante": 9, "reserva": null, "total": "24.00", "creado_por": null}}, {"model": "restaurante.pedido", "pk": 9, "fields": {"cliente": 10, "restaurante": 10, "reserva": null, "total": "39.00", "creado_por": null}}, {"model": "restaurante.pedido", "pk": 10, "fields": {"cliente": 11, "restaurante": 11, "reserva": null, "total": "14.00", "creado_por": null}}, {"model": "restaurante.pedido", "pk": 11, "fields": {"cliente": 12, "restaurante": 12, "reserva": null, "total": "30.00", "creado_por": null}}, {"model": "restaurante.lineapedido", "pk": 1, "fields": {"pedido": 1, "plato": 1, "precio_unitario": "7.50", "comentario": "Sin cebolla", "descuento_porcentaje": 0, "cantidad": 2}}, {"model": "restaurante.lineapedido", "pk": 2, "fields": {"pedido": 2, "plato": 4, "precio_unitario": "6.00", "comentario": "Linea demo 1", "descuento_porcentaje": 0, "cantidad": 2}}, {"model": "restaurante.lineapedido", "pk": 3, "fields": {"pedido": 3, "plato": 5, "precio_unitario": "7.00", "comentario": "Linea demo 2", "descuento_porcentaje": 0, "cantidad": 3}}, {"model": "restaurante.lineapedido", "pk": 4, "fields": {"pedido": 4, "plato": 6, "precio_unitario": "8.00", "comentario": "Linea demo 3", "descuento_porcentaje": 0, "cantidad": 1}}, {"model": "restaurante.lineapedido", "pk": 5, "fields": {"pedido": 5, "plato": 7, "precio_unitario": "9.00", "comentario": "Linea demo 4", "descuento_porcentaje": 0, "cantidad": 2}}, {"model": "restaurante.lineapedido", "pk": 6, "fields": {"pedido": 6, "plato": 8, "precio_unitario": "10.00", "comentario": "Linea demo 5", "descuento_porcentaje": 0, "cantidad": 3}}, {"model": "restaurante.lineapedido", "pk": 7, "fields": {"pedido": 7, "plato": 9, "precio_unitario": "11.00", "comentario": "Linea demo 6", "descuento_porcentaje": 0, "cantidad": 1}}, {"model": "restaurante.lineapedido", "pk": 8, "fields": {"pedido": 8, "plato": 10, "precio_unitario": "12.00", "comentario": "Linea demo 7", "descuento_porcentaje": 0, "cantidad": 2}}, {"model": "restaurante.lineapedido", "pk": 9, "fields": {"pedido": 9, "plato": 11, "precio_unitario": "13.00", "comentario": "Linea demo 8", "descuento_porcentaje": 0, "cantidad": 3}}, {"model": "restaurante.lineapedido", "pk": 10, "fields": {"pedido": 10, "plato": 12, "precio_unitario": "14.00", "comentario": "Linea demo 9", "descuento_porcentaje": 0, "cantidad": 1}}, {"model": "restaurante.lineapedido", "pk": 11, "fields": {"pedido": 11, "plato": 13, "precio_unitario": "15.00", "comentario": "Linea demo 10", "descuento_porcentaje": 0, "cantidad": 2}}]